Order ID,Order Date,Ship Date,Customer Name,Country,Category,Sales,Profit,Quantity,Discount
GS-1000,2025-08-29,2025-09-02,Alice,USA,Office Supplies,1479.9,-642.78,0.0,
GS-1001,2025-11-23,2025-11-22,Frank,Brazil,Office Supplies,1990.55,-769.9,10.0,0.2
GS-1002,2025-05-31,2025-06-09,Eve,India,Furniture,1451.14,-61.56,2.0,0.1
GS-1003,2025-01-20,2025-01-21,Charlie,India,Technology,3290.88,1211.62,0.0,1.2
GS-1005,2025-06-06,2025-06-08,Diana,USA,Furniture,2077.59,-239.1,,0.0
GS-1005,2025-05-24,2025-05-23,Henry,Brazil,Technology,367.48,-107.24,0.0,0.1
GS-1006,2025-07-23,2025-07-26,Charlie,Brazil,Office Supplies,2049.01,-781.12,1.0,0.2
GS-1007,2025-07-13,2025-07-16,Henry,USA,Furniture,3431.56,161.43,10.0,1.2
GS-1008,2025-09-26,2025-09-26,Diana,India,Furniture,934.67,350.84,1.0,1.2
GS-1009,2025-10-08,2025-10-06,Bob,Brazil,Technology,265.81,63.38,10.0,1.2
GS-1010,2025-05-20,2025-05-29,Henry,India,Office Supplies,2470.22,-686.63,,0.2
GS-1011,2025-04-07,2025-04-11,Bob,Brazil,Technology,3517.74,-1617.37,0.0,1.2
GS-1012,2025-05-09,2025-05-17,Eve,India,Office Supplies,2178.8,93.34,1.0,0.2
GS-1013,2025-07-19,2025-07-22,Grace,India,Technology,1579.48,-582.78,,0.5
GS-1014,2025-12-25,2025-12-28,Henry,India,Technology,4012.45,-492.44,10.0,1.2
GS-1015,2025-06-28,2025-06-28,Grace,India,Office Supplies,751.06,-330.38,,
GS-1016,2025-04-08,2025-04-06,Grace,Brazil,Furniture,4387.16,-320.43,1.0,0.0
GS-1017,2025-08-20,2025-08-20,Frank,India,Office Supplies,3093.49,1047.91,2.0,0.1
GS-1018,2025-12-25,2026-01-04,Diana,Brazil,Technology,248.56,-106.01,3.0,0.2
GS-,2025-10-26,2025-10-28,Alice,Indai,Furniture,2162.22,767.95,,
GS-1020,2025-07-14,2025-07-21,Alice,UK,Furniture,2440.25,-33.69,10.0,0.2
GS-1021,2025-10-31,2025-11-02,Alice,UK,Office Supplies,3247.79,366.77,3.0,
GS-1022,2025-12-23,2025-12-25,Alice,Brazil,Office Supplies,718.71,225.62,0.0,0.2
GS-1023,2025-05-20,2025-05-27,Alice,USA,Office Supplies,2955.02,-893.42,5.0,
GS-1024,2025-05-14,2025-05-17,Diana  ,Brazil,Furniture,801.64,317.69,3.0,0.0
GS-1025,2025-06-14,2025-06-16,Frank,India,Office Supplies,4270.8,-676.75,5.0,0.2
GS-1026,2025-02-15,2025-02-24,Alice,UK,Technology,4730.35,-342.76,0.0,0.0
GS-1027,2025-05-19,2025-05-28,Charlie,USA,Furniture,741.67,-87.14,2.0,0.1
GS-1028,2025-01-17,2025-01-20,Henry,Indai,Office Supplies,2416.2,-422.96,3.0,0.5
GS-1029,2025-08-28,2025-08-29,Alice,Germany,Technology,1336.1,-508.57,1.0,0.5
GS-,2025-10-14,2025-10-23,Alice,UK,Technology,908.66,277.4,,0.5
GS-1031,2025-04-02,2025-04-08,Charlie,Brazil,Office Supplies,1778.67,-693.56,1.0,0.0
GS-1032,2025-07-26,2025-07-30,Diana,UK,Furniture,3328.15,581.26,3.0,0.1
GS-1033,,2025-04-24,Bob,Brazil,Furniture,2024.39,402.96,0.0,0.2
GS-1034,2025-08-11,2025-08-19,Alice,UK,Office Supplies,2065.32,530.68,0.0,0.5
GS-1035,2025-09-19,2025-09-23,Grace,India,Technology,2411.59,-368.44,0.0,1.2
GS-1036,2025-10-20,2025-10-27,Charlie,Germany,Office Supplies,2505.19,-510.4,10.0,0.2
GS-1037,2025-03-23,2025-03-26,Bob,USA,Technology,490.03,-98.05,0.0,0.1
GS-1038,2025-08-12,2025-08-11,Bob,India,Office Supplies,4260.84,1406.92,10.0,
GS-1039,2025-03-09,2025-03-11,Henry,Germany,Office Supplies,4562.05,-1858.11,0.0,0.2
GS-1040,2025-12-21,2025-12-30,Bob  ,UK,Office Supplies,4660.68,-1031.66,0.0,0.0
GS-1041,2025-03-20,2025-03-22,Henry  ,UK,Furniture,2582.51,976.43,,0.2
GS-1042,2025-04-22,2025-04-25,Eve,USA,Furniture,59.25,-14.77,10.0,0.0
GS-1043,2025-04-06,2025-04-08,Alice,UK,Furniture,4811.34,-1864.66,,1.2
GS-1044,,2025-11-27,Bob,Brazil,Furniture,4133.46,1082.6,2.0,
GS-1045,2025-10-29,2025-11-06,Grace,UK,Furniture,N/A,-272.82,,
GS-1046,2025-09-05,2025-09-07,Grace,USA,Office Supplies,4971.89,-2297.95,0.0,0.5
GS-1047,2025-07-15,2025-07-17,Bob,USA,Furniture,4600.22,-1873.72,3.0,
GS-1048,2025-04-05,2025-04-08,Alice,Brazil,Furniture,2630.48,181.07,,
GS-1049,2025-12-24,2025-12-22,Bob,USA,Office Supplies,3997.07,-991.02,1.0,1.2
GS-1050,2025-01-23,2025-01-25,Eve,Germany,Office Supplies,3761,993.32,10.0,1.2
GS-1051,2025-09-14,2025-09-13,Frank,USA,Technology,4021.69,26.61,2.0,1.2
GS-1052,2025-03-29,2025-04-04,Grace,Brazil,Furniture,4174.37,-1823.39,3.0,1.2
GS-1053,2025-01-27,2025-01-31,Diana,USA,Office Supplies,2661.11,173.09,10.0,1.2
GS-1054,2025-12-25,2026-01-03,Diana,Brazil,Furniture,574.92,206.56,1.0,
GS-1055,2025-08-23,2025-09-02,Diana,USA,Furniture,2268,-380.31,10.0,0.2
GS-1056,2025-10-09,2025-10-17,Diana,Germany,Furniture,754.52,-330.36,,0.5
GS-1057,2025-10-10,2025-10-19,Eve  ,Germany,Technology,1303.24,-450.23,10.0,0.2
GS-1058,2025-05-12,2025-05-12,Grace,UK,Technology,N/A,-390.89,5.0,
GS-1059,2025-12-07,2025-12-06,Henry,Germany,Office Supplies,1978.3,-275.83,1.0,0.0
GS-1060,2025-01-02,2025-01-01,Henry,Brazil,Technology,40.45,9.69,,0.1
GS-1061,2025-07-22,2025-07-26,Henry,UK,Office Supplies,1571.73,484.73,1.0,0.1
GS-1062,2025-11-08,2025-11-06,Frank,UK,Technology,2690.87,847.71,10.0,1.2
GS-1063,2025-06-18,2025-06-26,Alice,Brazil,Technology,2731.87,241.45,2.0,0.2
GS-1064,2025-04-11,2025-04-11,Henry,India,Technology,3422.07,-1681.92,10.0,0.0
GS-1005,2025-12-05,2025-12-03,Charlie,India,Furniture,1992.62,392.02,10.0,0.5
GS-1066,2025-11-17,2025-11-27,Frank,India,Office Supplies,2538.88,130.83,3.0,
GS-,2025-05-04,2025-05-03,Henry,Germany,Office Supplies,24.71,-6.79,,0.0
GS-1068,2025-05-04,2025-05-11,Grace,Germany,Office Supplies,3356.92,-848.18,10.0,
GS-1069,2025-04-15,2025-04-14,Alice,India,Technology,1268.17,-517.2,10.0,1.2
GS-1070,2025-06-14,2025-06-23,Eve,Brazil,Technology,4331.32,-1007.84,,
GS-1071,2025-02-08,2025-02-18,Eve,UK,Furniture,449.21,-163.7,5.0,0.5
GS-1072,2025-11-15,2025-11-21,Charlie,UK,Office Supplies,517.76,-47.1,0.0,0.1
GS-1073,2025-09-15,2025-09-15,Eve,USA,Furniture,1912.95,-1.67,0.0,0.0
GS-1005,2025-07-23,2025-07-24,Charlie,India,Furniture,3645.43,-1522.35,0.0,0.5
GS-1075,2025-07-26,2025-07-24,Frank,Brazil,Furniture,263.43,96.3,2.0,1.2
GS-1076,2025-05-11,2025-05-09,Charlie,USA,Technology,3787.29,-59.33,3.0,0.2
GS-1077,2025-11-05,2025-11-13,Diana,Germany,Office Supplies,3220.69,742.19,2.0,0.1
GS-1078,2025-11-13,2025-11-15,Frank,UK,Office Supplies,776.25,72.41,3.0,0.5
GS-1079,2025-10-27,2025-11-03,Henry,Germany,Office Supplies,4439.89,-578.22,2.0,0.2
GS-1080,2025-06-01,2025-06-11,Henry,USA,Office Supplies,3338.68,-794.52,2.0,
GS-1081,2025-06-01,2025-06-11,Bob,Brazil,Technology,761.25,-60.64,2.0,1.2
GS-1082,2025-10-09,2025-10-16,Bob,Brazil,Technology,4921.77,1856.0,,1.2
GS-,2025-04-03,2025-04-05,Frank,India,Office Supplies,504.39,200.79,,0.5
GS-1084,2025-08-28,2025-09-05,Frank,Germany,Office Supplies,4849.45,-2261.32,10.0,
GS-1085,2025-04-08,2025-04-10,Charlie,UK,Furniture,72.68,-5.2,3.0,0.1
GS-1086,2025-01-24,2025-01-22,Diana  ,Germany,Furniture,4336.36,508.71,2.0,1.2
GS-1087,2025-05-27,2025-06-02,Bob,India,Furniture,1881.74,-263.44,10.0,
GS-1088,2025-09-26,2025-09-27,Charlie,UK,Office Supplies,1522.94,278.99,3.0,0.0
GS-1089,2025-04-14,2025-04-15,Eve,Germany,Technology,2924.23,18.5,,0.2
GS-1090,2025-04-26,2025-04-29,Frank,Germany,Technology,1791.73,-483.27,0.0,
GS-1091,2025-11-06,2025-11-15,Eve,Germany,Technology,150.04,14.51,0.0,0.1
GS-1092,2025-05-10,2025-05-17,Bob,UK,Furniture,260.28,67.19,,
GS-1093,2025-01-08,2025-01-14,Bob  ,USA,Furniture,112.64,-14.34,3.0,0.0
GS-1094,2025-05-10,2025-05-13,Charlie,India,Office Supplies,3804.17,-1359.61,,0.5
GS-1095,2025-07-17,2025-07-17,Frank,UK,Office Supplies,4026.34,-1925.04,,
GS-1096,2025-10-08,2025-10-12,Diana,USA,Furniture,4141.1,-405.17,10.0,0.0
GS-1097,2025-09-27,2025-09-25,Henry,USA,Technology,3410.88,39.12,5.0,0.2
GS-1098,2025-10-07,2025-10-17,Charlie,Brazil,Technology,711.71,-239.9,,0.0
GS-1099,,2025-06-12,Diana,India,Office Supplies,756.11,245.51,0.0,
GS-1100,2025-09-27,2025-09-29,Frank,USA,Office Supplies,N/A,349.32,,0.2
GS-,2025-01-18,2025-01-27,Bob,USA,Office Supplies,1089.14,-488.35,3.0,0.1
GS-1102,2025-09-22,2025-09-30,Frank,Germany,Office Supplies,831.45,9.56,3.0,0.5
GS-1103,2025-02-01,2025-02-05,Henry,USA,Furniture,725.39,126.77,1.0,0.0
GS-1104,2025-09-11,2025-09-10,Bob,USA,Office Supplies,3268.3,727.21,10.0,0.5
GS-1005,2025-03-02,2025-03-05,Alice,UK,Furniture,941.28,-403.99,10.0,0.1
GS-1106,2025-08-26,2025-09-02,Henry,India,Office Supplies,452.86,-115.82,3.0,
GS-1107,2025-04-21,2025-04-29,Diana,Brazil,Office Supplies,N/A,166.39,2.0,0.1
GS-1108,2025-06-22,2025-06-27,Diana,Brazil,Technology,3818.5,795.41,10.0,0.0
GS-1109,2025-03-29,2025-04-08,Eve,Germany,Technology,1171.21,-39.44,2.0,0.1
GS-1110,2025-10-15,2025-10-25,Alice,India,Furniture,2680.66,749.78,3.0,0.1
GS-1111,2025-10-20,2025-10-19,Charlie,Brazil,Furniture,2941.68,-1053.06,3.0,0.0
GS-1112,2025-06-18,2025-06-17,Eve,India,Office Supplies,3279.72,1114.25,0.0,0.1
GS-1113,2025-01-16,2025-01-17,Diana,Germany,Technology,4527.51,-1459.91,10.0,0.5
GS-1114,2025-12-17,2025-12-18,Grace,Brazil,Technology,1012.01,389.5,0.0,0.1
GS-1005,2025-01-25,2025-01-31,Eve,Brazil,Office Supplies,827.29,-84.73,5.0,0.0
GS-1116,2025-02-23,2025-02-22,Eve  ,India,Office Supplies,2045.39,-593.35,10.0,0.5
GS-1117,2025-07-03,2025-07-12,Grace,Germany,Furniture,395.84,-127.9,5.0,0.1
GS-1118,2025-08-24,2025-09-03,Charlie,Brazil,Furniture,1592.48,-226.14,5.0,0.0
GS-1119,2025-01-29,2025-02-05,Henry,India,Technology,3114.33,-507.67,3.0,0.1
GS-1120,2025-12-03,2025-12-02,Eve,USA,Office Supplies,4727.69,-185.08,,
GS-1121,2025-12-07,2025-12-15,Frank,UK,Furniture,1928.81,-729.9,3.0,0.5
GS-1122,2025-11-25,2025-12-01,Frank,India,Technology,4576.73,-482.45,5.0,
GS-1123,2025-08-09,2025-08-18,Eve,Brazil,Furniture,3184.43,1215.45,2.0,0.1
GS-1124,2025-07-27,2025-07-25,Henry,UK,Furniture,2954.53,-418.54,3.0,0.5
GS-1125,2025-12-14,2025-12-21,Grace,Brazil,Furniture,4770.15,450.73,,
GS-1126,2025-11-17,2025-11-24,Charlie,UK,Furniture,4377.12,-1033.97,5.0,0.1
GS-1127,2025-04-15,2025-04-21,Henry,USA,Technology,3676.57,-1108.91,3.0,0.2
GS-1128,2025-07-04,2025-07-13,Charlie,Brazil,Office Supplies,3288.29,228.01,10.0,
GS-1129,2025-12-05,2025-12-09,Henry,Brazil,Technology,1890.86,294.67,2.0,0.1
GS-1130,2025-07-23,2025-07-29,Bob,Brazil,Office Supplies,790.75,-64.28,,1.2
GS-1131,2025-03-23,2025-03-31,Charlie,Brazil,Furniture,3806.27,1015.25,3.0,1.2
GS-1005,2025-08-19,2025-08-18,Grace,India,Office Supplies,2289.4,-184.25,1.0,0.0
GS-1133,2025-12-29,2025-12-28,Frank,USA,Technology,3341.46,777.65,0.0,0.1
GS-1134,2025-04-14,2025-04-22,Charlie,UK,Office Supplies,3399.91,-104.34,,0.5
GS-1135,2025-09-25,2025-09-27,Diana,Germany,Technology,4415.93,-1070.11,0.0,0.0
GS-1136,2025-10-26,2025-10-27,Eve,Germany,Technology,290.11,-78.65,10.0,0.5
GS-1137,2025-07-25,2025-07-28,Grace,USA,Office Supplies,1355.32,224.5,10.0,0.5
GS-1005,2025-09-06,2025-09-12,Henry,USA,Technology,1485.96,-12.4,1.0,0.2
GS-1139,2025-03-14,2025-03-16,Eve,UK,Furniture,3679.19,-26.42,10.0,0.2
GS-1140,2025-03-17,2025-03-26,Diana,Brazil,Furniture,2541.94,-700.21,1.0,0.0
GS-1141,2025-09-28,2025-10-02,Eve,India,Technology,281.89,44.17,3.0,0.0
GS-1142,2025-05-26,2025-06-01,Bob,UK,Furniture,2447.91,-742.34,5.0,1.2
GS-1143,2025-11-21,2025-11-24,Charlie,USA,Technology,4950.59,-1442.91,0.0,0.2
GS-1144,2025-04-24,2025-05-04,Charlie,UK,Technology,2419.66,935.24,1.0,
GS-1145,2025-05-08,2025-05-18,Charlie,India,Technology,2377.9,501.29,1.0,1.2
GS-1146,2025-08-18,2025-08-16,Alice,Brazil,Furniture,1247.16,-390.75,,0.0
GS-1147,2025-02-16,2025-02-25,Grace,Germany,Office Supplies,1216.88,-379.97,3.0,0.5
GS-1148,2025-12-10,2025-12-16,Charlie,India,Furniture,4465.59,-488.64,2.0,0.0
GS-1149,2025-03-21,2025-03-23,Henry,USA,Furniture,3535.07,-1197.12,0.0,0.5
GS-1005,2025-07-07,2025-07-07,Grace,UK,Office Supplies,4982,1686.66,,
GS-1151,2025-06-11,2025-06-19,Grace,UK,Office Supplies,3294.28,-1478.62,1.0,0.1
GS-1152,2025-03-11,2025-03-16,Charlie,UK,Technology,N/A,-516.19,,1.2
GS-1153,2025-07-08,2025-07-16,Alice,Brazil,Technology,1047.99,243.23,,
GS-1154,2025-11-10,2025-11-15,Bob,Germany,Furniture,624.38,-81.68,5.0,0.2
GS-,2025-02-27,2025-03-06,Alice,USA,Office Supplies,4452.33,-1184.9,3.0,0.5
GS-1156,2025-09-11,2025-09-16,Alice,Germany,Office Supplies,-15.5,-4.12,5.0,0.1
GS-,2025-06-25,2025-06-30,Alice,USA,Technology,1643.31,-256.93,,
GS-1158,2025-03-15,2025-03-15,Frank,UK,Technology,2111.8,-70.82,3.0,0.1
GS-1159,2025-08-22,2025-08-28,Eve,USA,Office Supplies,1838.83,435.9,5.0,1.2
GS-1160,2025-10-21,2025-10-25,Henry,USA,Technology,3462.76,-278.72,2.0,0.2
GS-1005,2025-01-12,2025-01-13,Eve,Brazil,Technology,2299.02,491.97,10.0,0.0
GS-1162,2025-01-13,2025-01-20,Eve,UK,Furniture,161.81,-26.35,2.0,0.1
GS-1163,2025-03-11,2025-03-19,Grace,Brazil,Furniture,4517.23,618.25,3.0,1.2
GS-1164,2025-09-29,2025-10-06,Grace,Germany,Office Supplies,480.29,-193.14,,0.1
GS-1165,2025-08-18,2025-08-18,Diana,Brazil,Technology,3832.24,-534.09,10.0,
GS-1166,2025-12-28,2025-12-30,Grace,India,Technology,2588.35,376.74,10.0,1.2
GS-1167,2025-10-24,2025-11-03,Eve,India,Technology,1612.89,566.78,0.0,0.0
GS-1168,2025-12-15,2025-12-17,Charlie,India,Technology,945.6,262.82,,
GS-1169,2025-02-28,2025-02-26,Alice,India,Technology,411.85,136.39,10.0,0.1
GS-1170,2025-09-24,2025-09-25,Diana,USA,Technology,3714.57,-515.17,0.0,
GS-1171,,2026-01-04,Frank,USA,Furniture,3190.4,112.16,0.0,0.0
GS-1172,2025-08-14,2025-08-21,Frank,USA,Furniture,2244.94,672.37,10.0,1.2
GS-1173,2025-08-28,2025-09-02,Bob,UK,Technology,207.48,-94.11,,0.5
GS-1174,2025-10-13,2025-10-11,Alice,Germany,Furniture,154.1,-7.27,3.0,
GS-1175,2025-07-28,2025-08-04,Grace,Germany,Technology,1019.08,162.86,10.0,0.5
GS-1176,2025-04-15,2025-04-21,Frank,India,Technology,N/A,-55.35,1.0,0.2
GS-1177,2025-11-13,2025-11-17,Charlie,UK,Technology,192.09,-82.73,0.0,0.0
GS-1178,2025-08-30,2025-09-05,Alice,India,Office Supplies,4802.53,513.27,10.0,0.1
GS-1179,2025-06-24,2025-07-03,Henry,Brazil,Technology,648.75,-8.28,3.0,
GS-1180,2025-10-28,2025-11-07,Henry,Germany,Technology,4034.75,-111.73,0.0,0.1
GS-1181,2025-09-10,2025-09-17,Charlie,USA,Office Supplies,-45.6,-13.81,3.0,1.2
GS-1182,2025-12-14,2025-12-18,Bob,India,Office Supplies,2835.52,724.35,0.0,0.5
GS-1183,2025-12-22,2025-12-24,Grace,Brazil,Furniture,888.89,0.47,,0.0
GS-1184,2025-07-28,2025-07-26,Henry,Brazil,Furniture,1511.18,160.91,2.0,1.2
GS-1005,2025-09-19,2025-09-28,Frank,India,Furniture,194.78,-96.09,,0.1
GS-1186,2025-06-19,2025-06-24,Bob,Germany,Office Supplies,2414.99,595.24,3.0,0.5
GS-1187,2025-01-10,2025-01-10,Henry,USA,Technology,3169.66,-474.91,3.0,0.1
GS-1188,2025-01-18,2025-01-17,Grace,USA,Furniture,1570.03,-648.6,10.0,0.2
GS-1189,2025-06-18,2025-06-22,Frank,USA,Technology,3801.07,-1184.36,0.0,0.2
GS-1190,2025-02-22,2025-02-22,Eve,UK,Office Supplies,4439.72,-1863.26,2.0,
GS-1191,2025-11-15,2025-11-16,Bob,UK,Technology,1139.53,255.8,0.0,
GS-1192,2025-04-23,2025-05-03,Diana,Germany,Technology,3746.55,242.83,1.0,
GS-1005,,2025-12-17,Diana,USA,Technology,4086.36,757.6,5.0,
GS-1194,2025-06-30,2025-07-01,Grace,Germany,Office Supplies,2829.23,275.72,,0.2
GS-1195,2025-05-29,2025-06-08,Frank,Germany,Furniture,3914.6,303.33,1.0,
GS-1196,2025-05-11,2025-05-19,Charlie  ,USA,Technology,3242.19,-313.9,1.0,1.2
GS-1005,2025-02-23,2025-03-03,Grace,Germany,Office Supplies,2798.87,-70.33,2.0,0.0
GS-1198,2025-03-11,2025-03-15,Eve,Indai,Office Supplies,3289.81,421.73,0.0,0.5
GS-1199,2025-03-26,2025-04-02,Eve,Indai,Technology,4160.62,946.11,2.0,0.5
GS-,2025-03-25,2025-03-23,Alice,Germany,Furniture,3912.83,1492.75,2.0,
GS-1201,2025-07-21,2025-07-25,Frank,Brazil,Office Supplies,1107.02,-121.74,3.0,0.0
GS-1202,2025-03-29,2025-03-27,Frank,Germany,Office Supplies,-9.18,1.09,1.0,0.5
GS-1203,2025-08-26,2025-08-29,Eve,Brazil,Technology,3661.18,-673.6,10.0,
GS-,2025-02-27,2025-03-01,Alice,USA,Technology,3675.68,-1605.14,3.0,0.2
GS-1205,2025-06-01,2025-06-04,Alice,USA,Technology,1132.77,-45.52,2.0,0.2
GS-1206,2025-11-15,2025-11-21,Henry,Brazil,Furniture,2309.52,755.96,3.0,1.2
GS-1207,2025-02-08,2025-02-07,Bob,India,Technology,831.83,-322.23,10.0,0.2
GS-1208,2025-12-04,2025-12-13,Charlie,Indai,Technology,3519.08,-611.97,1.0,0.0
GS-1209,2025-09-27,2025-09-30,Charlie,UK,Technology,4504.37,-1560.92,0.0,0.2
GS-1005,2025-11-05,2025-11-07,Grace,Germany,Furniture,3907.72,-165.01,,0.0
GS-1211,2025-08-07,2025-08-06,Bob,Indai,Office Supplies,2859.2,795.89,,0.0
GS-1212,2025-02-27,2025-03-06,Frank,Brazil,Furniture,3915.14,-1688.49,10.0,0.1
GS-1213,2025-03-29,2025-04-02,Alice,USA,Furniture,2380.87,-57.0,5.0,0.2
GS-1214,2025-08-03,2025-08-04,Frank,Indai,Furniture,1843.71,-382.79,,1.2
GS-1215,2025-08-08,2025-08-06,Diana,USA,Furniture,345.18,86.57,1.0,0.0
GS-1216,2025-08-31,2025-09-06,Charlie,Brazil,Technology,2030.9,-398.12,0.0,0.1
GS-1217,2025-02-16,2025-02-22,Charlie,UK,Furniture,1458.92,348.82,2.0,0.1
GS-1218,2025-12-15,2025-12-16,Frank,Brazil,Furniture,3128.97,588.67,0.0,0.2
GS-1219,2025-02-19,2025-02-26,Diana,Germany,Office Supplies,1064.16,14.24,1.0,
GS-,2025-08-13,2025-08-16,Charlie,Germany,Technology,596.34,224.12,2.0,0.0
GS-1221,2025-11-13,2025-11-17,Frank,Germany,Office Supplies,1031.9,135.92,0.0,0.5
GS-1222,2025-06-01,2025-06-02,Bob,Brazil,Technology,253.93,24.27,3.0,0.0
GS-1223,2025-04-15,2025-04-23,Diana,Germany,Technology,1081.8,328.61,5.0,0.5
GS-1224,2025-01-25,2025-01-30,Grace,UK,Technology,-28.38,-1.32,5.0,0.0
GS-1225,2025-08-23,2025-09-02,Henry,UK,Furniture,3703.2,-210.74,3.0,0.0
GS-1226,2025-07-31,2025-08-09,Alice,USA,Technology,4554.51,-1216.22,0.0,0.2
GS-1227,2025-02-27,2025-03-02,Alice,USA,Furniture,3604.99,880.25,10.0,0.5
GS-1228,2025-04-02,2025-04-07,Diana,Brazil,Office Supplies,3464.11,700.33,1.0,0.0
GS-1229,2025-07-13,2025-07-22,Bob,Germany,Technology,937.73,-105.87,3.0,1.2
GS-1230,2025-02-06,2025-02-08,Eve,India,Office Supplies,2022.01,-928.08,5.0,1.2
GS-1231,2025-04-27,2025-04-29,Charlie,India,Office Supplies,4119.77,-638.49,1.0,1.2
GS-1232,2025-03-02,2025-03-09,Alice,India,Technology,2646.07,125.09,5.0,0.2
GS-1233,2025-11-20,2025-11-29,Bob,Germany,Technology,4033.62,-1027.64,0.0,0.5
GS-1234,2025-01-01,2025-01-08,Henry,Brazil,Furniture,4205.92,-1719.98,5.0,0.5
GS-1235,2025-12-25,2025-12-29,Alice,India,Technology,1772.31,705.34,2.0,0.2
GS-1236,2025-10-19,2025-10-24,Eve,USA,Technology,348.88,-98.78,,1.2
GS-1237,2025-04-02,2025-04-08,Eve,India,Technology,369.59,35.65,5.0,
GS-1238,2025-04-15,2025-04-14,Grace,Brazil,Furniture,4686.2,-885.38,,
GS-1239,2025-06-10,2025-06-10,Henry  ,UK,Office Supplies,4108.72,-56.48,3.0,0.0
GS-1240,2025-08-14,2025-08-14,Diana,Germany,Technology,989.66,-231.85,,0.0
GS-1241,2025-01-24,2025-02-02,Henry,Indai,Technology,1979.16,-405.69,,0.2
GS-1242,2025-02-16,2025-02-18,Henry,Brazil,Technology,4441.27,-1332.68,0.0,0.0
GS-1243,2025-02-08,2025-02-13,Alice,Germany,Furniture,334.35,-30.15,1.0,0.0
GS-1244,2025-01-06,2025-01-10,Bob,UK,Office Supplies,1275.62,51.16,2.0,0.2
GS-1245,2025-09-29,2025-09-29,Eve,Brazil,Office Supplies,4188.51,-1278.89,1.0,0.1
GS-1246,2025-09-07,2025-09-09,Henry,Germany,Technology,3430.82,-908.02,0.0,1.2
GS-1247,2025-11-15,2025-11-24,Eve,USA,Furniture,3241.69,-326.64,1.0,0.0
GS-1248,2025-07-22,2025-07-25,Bob,Brazil,Furniture,1324.99,-387.83,1.0,1.2
GS-1249,,2025-12-17,Grace,India,Office Supplies,4483.78,616.67,1.0,0.0
GS-1005,2025-10-09,2025-10-09,Charlie,UK,Furniture,4495.93,812.05,3.0,
GS-1251,2025-06-27,2025-07-01,Grace,UK,Office Supplies,1874.6,-571.64,,0.5
GS-1252,2025-09-13,2025-09-12,Frank,Indai,Office Supplies,2671.99,-418.23,3.0,1.2
GS-1253,2025-01-12,2025-01-16,Charlie,India,Office Supplies,1314.47,281.33,10.0,0.5
GS-1254,2025-08-01,2025-08-07,Alice,Brazil,Office Supplies,4656.91,-566.55,10.0,
GS-1255,2025-02-14,2025-02-12,Grace,Brazil,Office Supplies,1083.73,-127.91,,1.2
GS-1256,2025-12-11,2025-12-11,Grace,Germany,Furniture,3248.09,-688.95,5.0,0.1
GS-1257,2025-09-29,2025-10-06,Henry,Brazil,Technology,643.36,174.8,1.0,0.5
GS-1258,2025-04-26,2025-05-05,Grace,Germany,Office Supplies,155.17,-63.88,,0.1
GS-1259,2025-01-13,2025-01-13,Grace,India,Furniture,2930.34,-942.45,1.0,0.5
GS-1260,2025-07-27,2025-08-02,Bob,Germany,Office Supplies,2386.22,-975.08,,0.2
GS-1261,2025-08-19,2025-08-22,Alice,Brazil,Furniture,4412.07,-1925.32,3.0,0.5
GS-1262,2025-11-02,2025-11-05,Eve  ,USA,Technology,441.99,66.77,10.0,0.0
GS-1263,2025-06-01,2025-06-10,Eve,Germany,Furniture,493.32,-66.15,3.0,0.0
GS-1264,2025-01-05,2025-01-05,Alice  ,UK,Furniture,319.52,103.11,0.0,0.0
GS-1265,2025-11-01,2025-11-11,Charlie,Germany,Technology,1295.95,-253.63,3.0,0.2
GS-1266,2025-01-29,2025-02-04,Diana,India,Technology,859.42,46.65,2.0,1.2
GS-1267,2025-02-09,2025-02-19,Frank,USA,Office Supplies,948.95,-11.6,10.0,0.0
GS-1268,2025-03-27,2025-03-26,Eve,India,Office Supplies,4864.09,57.52,,0.5
GS-1269,2025-11-16,2025-11-15,Bob,UK,Office Supplies,155.08,45.67,,0.1
GS-1270,,2025-03-20,Charlie,Brazil,Technology,3296.61,-495.33,2.0,0.2
GS-1271,2025-11-07,2025-11-09,Eve,Germany,Office Supplies,445.25,33.63,5.0,0.5
GS-1272,2025-09-07,2025-09-15,Henry,Germany,Technology,4613.56,1563.71,5.0,0.5
GS-1273,2025-04-07,2025-04-11,Alice,USA,Office Supplies,2166.73,433.81,2.0,0.5
GS-1274,2025-03-13,2025-03-11,Henry,UK,Technology,2776.39,-278.73,1.0,
GS-1275,2025-07-02,2025-07-01,Henry,USA,Office Supplies,1899.28,-910.15,5.0,0.5
GS-1276,2025-01-06,2025-01-06,Charlie  ,UK,Furniture,2377.71,314.04,0.0,1.2
GS-1277,2025-11-19,2025-11-25,Charlie,USA,Office Supplies,208.3,-80.78,1.0,0.2
GS-1278,2025-08-12,2025-08-21,Bob,UK,Office Supplies,4906.72,-1176.28,5.0,0.2
GS-1279,2025-12-27,2026-01-01,Alice  ,Germany,Office Supplies,3899.85,-1729.36,3.0,0.2
GS-1280,2025-06-01,2025-06-05,Alice,USA,Office Supplies,991.45,332.63,5.0,
GS-1281,2025-03-15,2025-03-24,Frank,USA,Furniture,1035.42,-65.09,5.0,0.0
GS-1282,2025-04-03,2025-04-11,Charlie,India,Furniture,1524.09,35.49,,
GS-1283,2025-05-02,2025-05-07,Grace,UK,Office Supplies,2267.84,144.48,10.0,
GS-1284,2025-07-12,2025-07-18,Bob,UK,Office Supplies,3786.21,1113.53,1.0,0.5
GS-1285,2025-04-26,2025-04-29,Eve,USA,Office Supplies,3747.25,-440.31,10.0,
GS-1286,2025-04-20,2025-04-22,Frank,Brazil,Furniture,4589.99,-132.76,1.0,1.2
GS-1287,2025-04-17,2025-04-20,Frank,Brazil,Furniture,2407.85,-768.85,3.0,0.1
GS-1288,,2025-09-25,Alice,USA,Office Supplies,3888.96,335.73,1.0,1.2
GS-1289,2025-10-11,2025-10-12,Eve,India,Office Supplies,331.13,-87.28,,0.1
GS-1290,2025-09-14,2025-09-13,Alice,Germany,Office Supplies,2001.9,116.1,10.0,0.1
GS-1291,2025-03-17,2025-03-27,Henry,Brazil,Office Supplies,4635.97,-1866.67,3.0,1.2
GS-1292,2025-06-20,2025-06-27,Charlie,UK,Office Supplies,1705.96,-118.27,3.0,
GS-1293,2025-08-28,2025-08-26,Henry,USA,Furniture,1778.58,297.65,1.0,1.2
GS-1294,2025-10-30,2025-11-03,Diana,Germany,Furniture,683.68,-200.65,3.0,
GS-1295,2025-01-24,2025-01-28,Charlie,USA,Office Supplies,3860.6,1311.07,,0.0
GS-1296,2025-05-31,2025-06-04,Charlie,UK,Technology,1326.69,271.67,10.0,0.1
GS-1297,2025-01-24,2025-01-24,Henry,Brazil,Furniture,315.19,87.23,1.0,0.0
GS-1298,2025-09-22,2025-09-24,Charlie,India,Furniture,1290.54,378.75,1.0,0.2
GS-1299,2025-05-22,2025-05-28,Henry,Germany,Office Supplies,2035.48,-121.14,10.0,0.1
GS-1300,2025-07-09,2025-07-11,Bob,UK,Technology,4303.09,-1340.29,5.0,
GS-1301,2025-01-30,2025-01-30,Charlie,Germany,Office Supplies,3708.35,1298.56,2.0,0.2
GS-1302,2025-02-09,2025-02-09,Frank,India,Furniture,648.06,-70.7,5.0,0.2
GS-1303,2025-10-21,2025-10-26,Grace,Germany,Office Supplies,2617.16,1036.23,,
GS-1304,2025-02-28,2025-02-27,Alice,Germany,Furniture,4346.4,-1530.55,,0.2
GS-1305,2025-09-04,2025-09-14,Diana,Germany,Furniture,430.43,24.86,,0.1
GS-,2025-04-17,2025-04-19,Frank,Brazil,Office Supplies,250.3,-3.01,,0.5
GS-1307,2025-08-11,2025-08-17,Henry,Germany,Technology,4650.72,1580.3,3.0,0.1
GS-,2025-03-08,2025-03-16,Eve,USA,Technology,2842.63,-433.83,1.0,0.1
GS-1309,2025-12-20,2025-12-18,Frank,Brazil,Technology,703.39,38.08,3.0,
GS-1310,2025-07-24,2025-07-24,Bob,UK,Office Supplies,1479.51,-720.96,1.0,1.2
GS-1311,,2025-04-04,Frank,Brazil,Office Supplies,1222.74,-74.62,2.0,0.0
GS-1312,2025-11-09,2025-11-12,Henry,UK,Office Supplies,1922.5,-638.25,10.0,0.0
GS-1313,2025-11-25,2025-12-05,Diana,UK,Technology,145.2,-68.29,10.0,0.5
GS-1314,2025-03-24,2025-03-31,Bob,USA,Office Supplies,505.53,147.53,3.0,
GS-1315,2025-12-28,2026-01-05,Alice,India,Furniture,1054.84,-147.57,3.0,
GS-1316,2025-05-27,2025-05-27,Alice,UK,Office Supplies,3581.49,-1147.28,1.0,1.2
GS-1317,2025-07-08,2025-07-10,Frank,UK,Office Supplies,206.94,-64.11,3.0,1.2
GS-1318,2025-01-06,2025-01-10,Henry,USA,Technology,4925.98,263.98,1.0,0.0
GS-1319,2025-11-03,2025-11-02,Frank,Indai,Furniture,3595.11,1236.33,10.0,0.1
GS-1320,2025-10-27,2025-10-25,Henry,USA,Technology,1698.21,-568.72,2.0,
GS-1321,2025-06-03,2025-06-11,Eve,Brazil,Furniture,4507.62,-456.72,0.0,0.1
GS-1322,2025-08-11,2025-08-10,Henry,USA,Technology,4591.09,-142.72,2.0,1.2
GS-1323,2025-09-22,2025-10-02,Bob,Germany,Furniture,841.62,-49.12,3.0,0.1
GS-1324,2025-08-19,2025-08-29,Charlie,India,Technology,1492.27,-671.26,2.0,0.5
GS-1325,2025-10-31,2025-11-05,Diana,India,Technology,1267.3,-326.55,,0.1
GS-1326,2025-07-25,2025-07-27,Bob,Indai,Office Supplies,4176.59,-505.17,1.0,0.2
GS-1327,2025-03-30,2025-04-04,Grace,USA,Technology,4963.05,-2164.49,5.0,0.0
GS-1328,2025-10-23,2025-10-30,Charlie,USA,Technology,252.2,-83.48,1.0,0.5
GS-,2025-06-27,2025-07-07,Bob,India,Office Supplies,179.55,42.01,0.0,0.1
GS-1330,2025-10-27,2025-10-30,Charlie,Indai,Office Supplies,738.88,-187.41,1.0,0.1
GS-1331,2025-04-28,2025-05-08,Grace,Germany,Technology,2387.92,794.64,5.0,0.0
GS-1332,2025-04-02,2025-04-03,Grace,USA,Office Supplies,2138.4,-394.0,5.0,
GS-1333,2025-10-01,2025-09-30,Frank,USA,Office Supplies,1968.12,185.9,,0.2
GS-1005,2025-03-11,2025-03-11,Charlie,Brazil,Office Supplies,2076.34,-912.14,,0.2
GS-1335,2025-06-13,2025-06-21,Diana,Germany,Furniture,2267.66,673.16,,0.0
GS-1336,2025-06-04,2025-06-02,Alice,Germany,Office Supplies,3030.04,343.31,3.0,0.2
GS-1337,2025-10-30,2025-11-01,Eve,UK,Office Supplies,2183.38,-434.91,5.0,0.5
GS-1338,2025-01-25,2025-01-24,Frank,Brazil,Technology,2256.65,-769.82,0.0,1.2
GS-1339,2025-09-27,2025-09-26,Grace,Germany,Furniture,1288.94,244.11,5.0,0.1
GS-1340,2025-11-24,2025-11-26,Frank,USA,Technology,1172.87,-0.09,0.0,0.2
GS-1341,2025-06-26,2025-07-06,Diana  ,India,Furniture,1989.82,693.7,,
GS-1342,2025-08-09,2025-08-08,Bob,UK,Technology,2800.25,881.75,0.0,0.5
GS-1343,2025-12-12,2025-12-14,Diana,India,Furniture,4112.85,-1160.13,2.0,0.2
GS-1344,2025-04-25,2025-04-25,Charlie,USA,Office Supplies,1121.44,-279.87,0.0,
GS-1345,2025-05-30,2025-06-01,Bob,USA,Furniture,388.59,87.64,1.0,0.1
GS-1346,2025-07-19,2025-07-18,Charlie,USA,Furniture,1391.42,-616.78,3.0,0.2
GS-1347,2025-10-01,2025-10-05,Bob,Germany,Furniture,3264.38,-66.48,,0.0
GS-1348,2025-03-28,2025-03-30,Eve,Indai,Office Supplies,1050.67,-32.75,0.0,0.5
GS-1349,2025-08-01,2025-08-03,Frank  ,UK,Technology,1150.47,74.84,10.0,
GS-1350,2025-01-29,2025-02-03,Eve,USA,Furniture,418.81,-11.25,,0.5
GS-1005,2025-05-08,2025-05-15,Diana,Germany,Furniture,2530.77,827.36,2.0,
GS-1352,2025-05-19,2025-05-21,Eve,UK,Office Supplies,4755.05,873.95,2.0,0.1
GS-1353,2025-03-26,2025-03-31,Henry,Germany,Furniture,9.92,1.01,0.0,0.2
GS-1354,2025-06-09,2025-06-14,Eve,UK,Technology,2666.41,244.55,1.0,0.2
GS-1355,2025-10-21,2025-10-22,Diana,India,Office Supplies,2151.12,200.02,,0.5
GS-1356,2025-07-16,2025-07-18,Charlie,Brazil,Technology,1200.27,-480.83,2.0,
GS-1357,2025-01-20,2025-01-30,Grace,Germany,Furniture,2053.74,-45.3,3.0,
GS-1358,2025-09-20,2025-09-29,Eve,UK,Furniture,4581.32,-497.43,1.0,0.0
GS-1359,2025-05-18,2025-05-25,Frank,USA,Furniture,4980.95,143.66,0.0,0.0
GS-1360,2025-09-22,2025-10-02,Bob,Germany,Furniture,3518.96,676.6,0.0,0.1
GS-1361,2025-10-05,2025-10-11,Diana  ,UK,Technology,63.28,22.29,1.0,0.0
GS-1362,2025-08-27,2025-09-06,Bob,Germany,Office Supplies,2765.13,75.55,,0.2
GS-1363,2025-11-07,2025-11-15,Eve,Brazil,Technology,4781.84,-161.92,5.0,0.0
GS-1364,2025-11-13,2025-11-20,Grace,Germany,Furniture,110.27,23.94,0.0,0.0
GS-1365,2025-02-24,2025-03-05,Charlie,Brazil,Office Supplies,2762.46,-168.53,3.0,0.0
GS-1366,2025-11-14,2025-11-16,Frank,India,Office Supplies,2100.39,-917.96,2.0,0.5
GS-1367,2025-05-09,2025-05-17,Diana,USA,Office Supplies,3600,1264.74,2.0,0.2
GS-1368,2025-11-13,2025-11-16,Frank,India,Office Supplies,2088.17,284.3,5.0,0.2
GS-1369,2025-03-10,2025-03-10,Bob,India,Furniture,4348.11,-369.7,,0.1
GS-1370,2025-07-02,2025-07-05,Alice,USA,Office Supplies,2187.64,-536.95,10.0,
GS-1371,2026-01-01,2026-01-06,Charlie,USA,Technology,2182.41,28.26,2.0,0.5
GS-1372,2025-06-30,2025-07-06,Eve,India,Office Supplies,3897.49,-1610.68,,
GS-1005,2025-08-10,2025-08-14,Eve,Germany,Technology,2528.19,-981.95,1.0,0.2
GS-1374,2025-12-29,2025-12-30,Bob,UK,Office Supplies,1669.43,-269.48,,0.5
GS-1375,2025-12-09,2025-12-17,Eve,UK,Furniture,2439.79,443.76,5.0,0.0
GS-1376,2025-03-08,2025-03-08,Charlie,India,Furniture,21.36,-4.0,5.0,0.0
GS-1377,2025-10-18,2025-10-25,Diana,Germany,Office Supplies,3130.79,-597.22,,1.2
GS-1378,,2025-06-29,Grace,Germany,Technology,785.89,241.88,0.0,0.5
GS-1379,2025-01-02,2025-01-09,Diana,USA,Office Supplies,1715.98,-823.28,3.0,0.5
GS-1380,2025-07-09,2025-07-07,Charlie,Germany,Technology,1661.7,-614.69,5.0,
GS-1381,2025-01-23,2025-01-23,Charlie,India,Office Supplies,4143.58,-1258.65,3.0,
GS-1382,2025-05-23,2025-05-21,Henry,USA,Technology,968.43,217.58,2.0,0.1
GS-1383,2025-09-30,2025-10-02,Henry,USA,Technology,4383.48,-0.1,3.0,0.1
GS-1384,2025-02-02,2025-02-03,Eve,USA,Technology,3881.83,769.69,5.0,
GS-1385,2025-09-08,2025-09-14,Alice,UK,Technology,1835.28,82.7,0.0,0.2
GS-1386,2025-11-02,2025-11-03,Charlie,Germany,Office Supplies,3771.19,-740.97,0.0,0.1
GS-1387,2025-10-31,2025-11-07,Frank,Germany,Technology,132.2,22.52,,0.5
GS-1388,2025-05-09,2025-05-18,Diana,India,Furniture,N/A,218.52,2.0,
GS-1005,,2025-09-12,Diana  ,Brazil,Technology,1943.14,500.68,,0.0
GS-1390,2025-11-11,2025-11-16,Frank,India,Office Supplies,28.65,-12.98,10.0,0.1
GS-1391,2025-04-25,2025-04-30,Eve,India,Furniture,3582.13,-1722.01,3.0,
GS-1392,2025-09-08,2025-09-12,Charlie,Brazil,Technology,N/A,571.15,10.0,
GS-1393,2025-02-25,2025-03-06,Charlie,USA,Technology,3417.77,226.11,3.0,
GS-1394,2025-04-04,2025-04-11,Henry,USA,Office Supplies,N/A,-323.74,3.0,0.5
GS-1395,2025-01-01,2025-01-07,Bob,Germany,Technology,2651.68,-700.66,10.0,0.5
GS-1396,2025-11-25,2025-12-04,Henry,UK,Furniture,-2.85,-0.96,1.0,0.5
GS-1397,2025-11-02,2025-11-05,Bob,USA,Furniture,4860.42,-215.51,0.0,0.5
GS-1398,2025-05-02,2025-05-12,Charlie,USA,Office Supplies,4175.84,-797.68,2.0,0.0
GS-1399,2025-08-21,2025-08-25,Charlie,India,Furniture,1828.2,-617.18,1.0,1.2
GS-1400,2025-02-23,2025-02-22,Alice,UK,Technology,450.1,-42.85,0.0,0.2
GS-1401,2025-04-10,2025-04-09,Charlie,UK,Office Supplies,67.6,-13.93,10.0,
GS-1402,2025-02-04,2025-02-02,Grace,USA,Furniture,632.87,71.03,0.0,0.1
GS-1403,2025-01-17,2025-01-21,Eve,UK,Office Supplies,3860.74,-222.82,,0.1
GS-1404,2025-07-27,2025-07-30,Bob,Brazil,Furniture,2069.99,514.03,0.0,
GS-1405,2025-10-26,2025-11-02,Frank,Germany,Office Supplies,2788.22,778.46,3.0,
GS-1406,2025-09-30,2025-10-07,Bob,Germany,Technology,857.16,-341.76,,0.2
GS-1407,2025-10-05,2025-10-07,Eve,India,Furniture,1413.41,309.44,1.0,0.0
GS-1408,2025-06-14,2025-06-17,Henry,Germany,Office Supplies,3830.1,-103.54,5.0,0.5
GS-1409,2025-02-06,2025-02-13,Henry,India,Office Supplies,4959.71,669.77,2.0,0.2
GS-1410,2025-11-30,2025-11-29,Frank,USA,Technology,3369.07,158.67,3.0,
GS-1411,2025-12-08,2025-12-14,Charlie,UK,Technology,993.45,-478.02,0.0,0.0
GS-1412,2025-02-12,2025-02-11,Bob,USA,Office Supplies,4948.97,-2285.06,2.0,0.0
GS-1413,2025-07-06,2025-07-08,Diana,Germany,Technology,726.23,83.41,0.0,0.0
GS-1414,2025-02-11,2025-02-18,Grace,Germany,Furniture,3366.7,-166.27,1.0,0.2
GS-1415,2025-09-20,2025-09-25,Alice,India,Office Supplies,3353.92,-963.49,,0.1
GS-1416,2025-06-26,2025-07-04,Henry,Brazil,Furniture,4907.84,-1660.93,0.0,0.5
GS-1417,,2025-04-03,Charlie,India,Furniture,1392.91,517.87,10.0,
GS-1418,2025-06-06,2025-06-07,Diana,India,Furniture,1448.57,-130.16,2.0,
GS-1419,2025-09-03,2025-09-06,Diana,India,Furniture,3244.53,800.75,3.0,
GS-1420,2025-11-12,2025-11-22,Eve,USA,Office Supplies,1272.15,313.48,0.0,0.5
GS-1421,2025-09-09,2025-09-13,Grace,Brazil,Furniture,1708.08,-245.62,3.0,
GS-1422,2025-01-15,2025-01-23,Alice,Brazil,Technology,4445.1,1693.14,,
GS-1423,2025-01-22,2025-01-23,Henry,Brazil,Furniture,2279.89,614.41,3.0,0.5
GS-1424,2025-07-29,2025-07-27,Charlie,Germany,Technology,3034.95,622.77,2.0,
GS-1425,2025-03-23,2025-03-27,Diana,Germany,Office Supplies,1295.94,127.71,,0.2
GS-1426,2025-11-06,2025-11-16,Charlie,India,Furniture,4367.37,-667.51,1.0,0.2
GS-,2025-07-03,2025-07-07,Henry,Indai,Technology,1349.95,-182.1,3.0,1.2
GS-1428,2025-02-02,2025-02-02,Eve,India,Furniture,854.53,-87.78,10.0,
GS-1429,2025-04-18,2025-04-20,Alice,UK,Technology,2784.09,820.87,,0.0
GS-1430,2025-01-03,2025-01-02,Frank,UK,Technology,3754.75,1014.28,,0.0
GS-1431,2025-01-14,2025-01-13,Frank,USA,Office Supplies,1322.06,-235.78,,0.2
GS-1005,2025-05-24,2025-05-26,Henry,Germany,Office Supplies,2260.9,-822.28,2.0,0.1
GS-1433,2025-08-31,2025-09-05,Charlie,UK,Office Supplies,741.79,249.34,0.0,0.5
GS-1434,2025-04-30,2025-05-03,Grace,Germany,Technology,2302.29,-1121.84,5.0,
GS-1435,2025-07-26,2025-07-31,Eve,Indai,Furniture,90.7,21.17,3.0,0.5
GS-1436,2025-01-22,2025-01-22,Henry,Germany,Furniture,2153.67,-827.71,0.0,0.2
GS-1437,2025-02-14,2025-02-20,Alice,UK,Technology,4728.57,-1942.26,0.0,0.5
GS-1438,2025-10-28,2025-11-04,Diana,Germany,Technology,4480.58,-1782.32,,0.1
GS-,2025-04-18,2025-04-19,Charlie,Germany,Office Supplies,1409.67,-78.17,3.0,0.5
GS-1440,2025-03-31,2025-03-29,Diana,USA,Furniture,1749.38,415.58,5.0,
GS-1441,2025-06-03,2025-06-02,Henry,Brazil,Furniture,689.72,-147.98,10.0,
GS-1442,2025-06-18,2025-06-28,Frank,Germany,Furniture,2625.33,-379.5,10.0,0.5
GS-1443,2025-01-01,2025-01-10,Charlie,India,Office Supplies,4476.1,-254.45,0.0,0.5
GS-1444,2025-01-25,2025-01-27,Grace,Germany,Office Supplies,323.5,-56.65,2.0,
GS-1445,2025-04-22,2025-05-02,Bob,India,Furniture,2626.26,-153.57,0.0,1.2
GS-1446,2025-03-14,2025-03-12,Alice,UK,Furniture,4273.04,-74.74,1.0,
GS-1447,2025-05-19,2025-05-22,Eve,India,Office Supplies,4463.57,-691.53,10.0,0.1
GS-1448,2025-12-20,2025-12-29,Eve,USA,Furniture,4239.08,1624.43,,0.2
GS-1449,2025-11-24,2025-12-04,Charlie,USA,Furniture,1233.34,-233.22,1.0,0.2
GS-1450,2025-11-09,2025-11-18,Charlie,Brazil,Technology,2349.13,-289.95,3.0,1.2
GS-1451,2025-10-14,2025-10-21,Henry,Brazil,Technology,1595.19,539.26,2.0,0.1
GS-1452,2025-10-21,2025-10-30,Henry,Brazil,Office Supplies,3881.47,-986.9,,0.5
GS-1453,2025-06-26,2025-06-30,Frank,UK,Technology,1511.64,-166.49,,0.0
GS-1454,2025-06-15,2025-06-17,Frank,India,Technology,1532.71,-406.71,1.0,0.1
GS-1455,2025-11-07,2025-11-15,Alice,Germany,Furniture,3969.61,-1909.75,0.0,0.5
GS-1456,2025-04-02,2025-04-06,Henry,USA,Furniture,3020.44,708.97,,0.1
GS-1457,2025-03-23,2025-03-25,Frank,India,Technology,2976.76,-972.69,5.0,1.2
GS-1458,2025-12-04,2025-12-06,Eve,Germany,Office Supplies,2979.1,-1133.46,3.0,1.2
GS-1459,2025-04-11,2025-04-16,Alice,USA,Office Supplies,262.98,-84.48,1.0,0.1
GS-1460,2025-03-30,2025-04-08,Henry,Brazil,Furniture,1309.17,216.39,10.0,0.0
GS-1461,2025-04-20,2025-04-21,Frank,Germany,Technology,3170.72,-832.79,0.0,0.0
GS-1462,2025-07-14,2025-07-14,Eve,UK,Technology,4641.21,1767.92,0.0,0.1
GS-1463,2025-11-08,2025-11-17,Diana,USA,Office Supplies,763.38,75.28,1.0,
GS-1464,2025-05-30,2025-06-07,Grace,Germany,Furniture,2805.5,-1153.14,2.0,1.2
GS-1465,2025-11-04,2025-11-08,Grace,Germany,Technology,4926.15,758.56,10.0,0.2
GS-1466,2025-10-20,2025-10-28,Charlie,UK,Office Supplies,716.38,-132.68,2.0,0.1
GS-1467,2025-06-12,2025-06-10,Eve,USA,Technology,2121.97,-550.62,5.0,1.2
GS-1468,2025-12-02,2025-12-11,Charlie,India,Office Supplies,4890.92,-1822.92,2.0,0.5
GS-1469,,2025-03-01,Grace,USA,Furniture,1036.59,-235.97,5.0,0.2
GS-1470,2025-06-21,2025-06-30,Eve,UK,Technology,1932.19,-860.28,0.0,0.0
GS-1471,,2025-12-26,Frank,UK,Office Supplies,4528.21,519.1,,
GS-1472,2025-05-01,2025-05-06,Grace,Brazil,Technology,4826.92,1638.98,,0.2
GS-1005,2025-01-31,2025-02-03,Frank  ,India,Furniture,3388.56,701.87,10.0,0.0
GS-1474,2025-08-19,2025-08-21,Grace,Germany,Technology,3263.16,487.63,2.0,
GS-1475,2025-12-07,2025-12-13,Frank,USA,Office Supplies,3079.91,-849.76,1.0,
GS-1476,2025-12-09,2025-12-18,Alice,Germany,Furniture,1567.83,316.82,1.0,0.5
GS-1477,2025-06-02,2025-06-01,Eve,Germany,Technology,128.38,-35.77,5.0,1.2
GS-1478,2025-03-10,2025-03-19,Diana,Germany,Office Supplies,1350.81,-665.08,,0.5
GS-1479,2025-07-07,2025-07-08,Bob,India,Furniture,537.77,-250.12,5.0,0.2
GS-1480,2025-12-07,2025-12-10,Henry  ,India,Technology,4031.81,-1900.59,3.0,
GS-1481,2025-08-22,2025-09-01,Henry,Brazil,Furniture,1951.35,-508.79,10.0,1.2
GS-1482,2025-07-31,2025-07-31,Charlie,Brazil,Office Supplies,1622.09,630.12,5.0,0.1
GS-1483,2025-06-26,2025-07-06,Charlie,India,Technology,3009.16,-308.11,3.0,0.2
GS-1484,2025-04-17,2025-04-21,Alice,UK,Furniture,2955.41,557.18,1.0,0.0
GS-1485,2025-10-29,2025-10-30,Bob,India,Technology,758.16,122.49,0.0,0.2
GS-1486,2025-01-18,2025-01-16,Diana,USA,Furniture,3740.78,-267.27,1.0,0.5
GS-1487,2025-11-12,2025-11-13,Bob,USA,Office Supplies,2016.56,434.61,10.0,0.2
GS-1488,2025-10-08,2025-10-15,Diana,India,Technology,3615.23,21.14,2.0,0.0
GS-1489,2025-11-08,2025-11-16,Bob,UK,Office Supplies,4036.21,319.28,,
GS-1490,2025-07-18,2025-07-18,Charlie,UK,Furniture,3689.76,-1584.13,2.0,0.0
GS-1491,2025-06-19,2025-06-23,Henry,Germany,Furniture,4954.83,1930.31,0.0,0.5
GS-1492,2025-12-16,2025-12-15,Grace,Brazil,Furniture,2182.72,599.75,3.0,0.5
GS-1493,2025-11-28,2025-11-27,Bob,Germany,Furniture,2800.65,-1217.56,10.0,1.2
GS-1494,2025-02-14,2025-02-17,Alice,USA,Furniture,4361.26,884.15,2.0,
GS-1495,2025-08-22,2025-08-30,Eve,UK,Furniture,3652.94,-1105.79,3.0,1.2
GS-1496,2025-03-19,2025-03-23,Eve,India,Furniture,4887.69,-906.11,1.0,0.1
GS-1497,2025-10-05,2025-10-07,Frank,Germany,Office Supplies,1250.17,272.16,1.0,0.1
GS-1498,2025-08-20,2025-08-20,Henry,USA,Technology,818.96,151.75,3.0,0.5
GS-1499,2025-11-09,2025-11-08,Diana,Germany,Office Supplies,4757.46,-2049.81,3.0,1.2
